"index","maternal_age_group","number_of_women","children_ever_born","children_dead","parity","Di","coef_a","coef_b","coef_c","ki","qx","q5","coef_a2","coef_b2","coef_c2","tx","time"
1,"15-19",1472,250,14,0.169836956521739,0.056,1.1119,-2.9287,0.8507,1.05636379940917,0.0591563727669133,0.0935182792641532,1.0921,5.4732,-1.9672,1.01993557282158,2005.98006442718
2,"20-24",1269,1396,114,1.10007880220646,0.0816618911174785,1.239,-0.6865,-0.2745,1.00503610488445,0.082073148966209,0.115253753685266,1.3207,5.3751,0.2133,2.2499861543568,2004.75001384564
3,"25-29",915,2159,164,2.35956284153005,0.0759610930986568,1.1884,0.0421,-0.5156,0.954515879832609,0.0725060696121111,0.0885739409875152,1.5996,2.6268,4.3701,4.04257594526015,2002.95742405474
4,"30-34",871,3388,287,3.88978185993111,0.0847107438016529,1.2046,0.3037,-0.5656,0.987792230400269,0.0836766145587005,0.0836766145587005,2.0779,-1.7908,9.4126,6.18978123277995,2000.81021876722
5,"35-39",661,3391,317,5.13010590015129,0.0934827484517841,1.2586,0.4236,-0.5898,1.0490205735535,0.0980653263982477,0.0851292984680796,2.7705,-7.3403,14.9352,8.60036972751581,1998.39963027248
6,"40-44",433,3402,348,7.8568129330254,0.102292768959436,1.224,0.4222,-0.5456,1.03481142086727,0.105853725591361,0.0850546793580517,4.152,-12.2448,19.2349,11.229295096478,1995.77070490352
7,"45-49",315,3423,379,10.8666666666667,0.110721589249197,1.1772,0.3486,-0.4624,1.01543822290601,0.112430933824534,0.0827225498907817,6.965,-13.916,19.9542,14.1196380105887,1992.88036198941
