"index","maternal_age_group","number_of_women","children_ever_born","children_dead","parity","Di","coef_a","coef_b","coef_c","ki","qx","q5","coef_a2","coef_b2","coef_c2","tx","time"
1,"15-19",3651056.615,720686.2007,25752.37417,0.19739113267626,0.0357331306537947,1.0819,-3.0005,0.8689,0.868538894416577,0.0310356137920899,0.0371224163174022,1.09,5.4443,-1.9721,1.29043779104692,2017.70956220895
2,"20-24",3222678.849,3061180.798,108258.8053,0.949887016805875,0.0353650478177343,1.2846,-0.6181,-0.3024,1.013410296599,0.0358393035982081,0.0409231725108119,1.3079,5.5568,0.2021,2.55802971493241,2016.44197028507
3,"25-29",2818732.208,5672115.42,222375.9136,2.01229311670745,0.0392051108156047,1.2223,0.0851,-0.4704,1.01793560133405,0.0399082780534507,0.0435592898155392,1.1573,2.6755,4.7471,3.95411281706841,2015.04588718293
4,"30-34",2450212.724,7262487.456,341778.0853,2.96402323964097,0.0470607470747004,1.1905,0.2631,-0.4487,1.03336817832584,0.048631078475236,0.048631078475236,1.9399,-2.2739,10.3876,6.37075679335072,2012.62924320665
5,"35-39",2224168.553,8152492.1,427993.0755,3.66541109890425,0.0524984348650887,1.1911,0.3152,-0.4291,1.05404683586531,0.0553358091574277,0.0537206555623701,2.6157,-8.4819,16.5153,8.64903647918438,2010.35096352082
6,"40-44",1926983.478,7951244.735,488747.3891,4.12626513189025,0.0614680349289991,1.1564,0.3017,-0.3958,1.03226047141115,0.0634510227125258,0.0600825914280513,4.0794,-13.8308,21.1886,11.2072033221514,2007.79279667785
7,"45-49",1684952.46,7439260.81,541111.33,4.41511614517599,0.0727372441725161,1.1307,0.2596,-0.3538,1.0176376541836,0.0740201585314992,0.0673672607425962,7.1796,-15.388,21.7892,14.2673180735707,2004.73268192643
