"index","maternal_age_group","number_of_women","children_ever_born","children_dead","parity","Di","coef_a","coef_b","coef_c","ki","qx","q5","coef_a2","coef_b2","coef_c2","tx","time"
1,"15-19",3651056.615,720686.2007,25752.37417,0.19739113267626,0.0357331306537947,1.1461,-2.2536,0.6259,0.973242115695106,0.0347769876779088,0.040482660886767,1.0959,5.5864,-1.9949,1.31510430148239,2017.68489569852
2,"20-24",3222678.849,3061180.798,108258.8053,0.949887016805875,0.0353650478177343,1.2231,-0.4301,-0.2245,1.02774968670177,0.0363464168148695,0.0406989703588822,1.2921,5.5897,0.3631,2.62506526857716,2016.37493473142
3,"25-29",2818732.208,5672115.42,222375.9136,2.01229311670745,0.0392051108156047,1.1593,0.0581,-0.3479,1.00715002437622,0.0394854283136085,0.0425234504522025,1.5021,2.4692,5.0927,4.41918041658477,2014.58081958342
4,"30-34",2450212.724,7262487.456,341778.0853,2.96402323964097,0.0470607470747004,1.1404,0.1991,-0.3487,1.01717287510594,0.0478689154066065,0.0478689154066065,1.9347,-2.6419,10.8533,6.50891460112101,2012.49108539888
5,"35-39",2224168.553,8152492.1,427993.0755,3.66541109890425,0.0524984348650887,1.154,0.2511,-0.3506,1.0406818475637,0.0546341681896029,0.0515882050154374,2.6197,-8.9693,17.0981,8.82685851430259,2010.1731414857
6,"40-44",1926983.478,7951244.735,488747.3891,4.12626513189025,0.0614680349289991,1.1336,0.2556,-0.3428,1.02489889758504,0.0629985212354498,0.0570641914524722,4.1317,-14.355,21.8247,11.4508379812063,2007.54916201879
7,"45-49",1684952.46,7439260.81,541111.33,4.41511614517599,0.0727372441725161,1.1201,0.2362,-0.3268,1.01492015660883,0.0738224952468649,0.0626342741096841,7.3657,-15.8083,22.3005,14.6074328060718,2004.39256719393
