"index","maternal_age_group","number_of_women","children_ever_born","children_dead","parity","Di","coef_a","coef_b","coef_c","ki","qx","q5","coef_a2","coef_b2","coef_c2","tx","time"
1,"15-19",3540280.718,734690.2916,25262.04103,0.207523174042268,0.0343846125623691,1.0819,-3.0005,0.8689,0.894397910117273,0.0307535256159751,0.036788678193548,1.09,5.4443,-1.9721,1.25578782934549,2017.74421217065
2,"20-24",3168926.254,3457501.129,106051.554,1.09106392887362,0.0306728906349404,1.2846,-0.6181,-0.3024,1.03367186886209,0.0317057041860214,0.0361226912381864,1.3079,5.5568,0.2021,2.45394748246937,2016.54605251753
3,"25-29",2768933.698,6850246.516,217710.9638,2.47396552721646,0.0317814787090503,1.2223,0.0851,-0.4704,1.03103125826193,0.0327676979828169,0.0356652132122644,1.1573,2.6755,4.7471,3.7597447014396,2015.24025529856
4,"30-34",2300312.426,8800167.028,338746.8684,3.82563991244553,0.0384932316991472,1.1905,0.2631,-0.4487,1.04265741333621,0.0401352533943842,0.0401352533943842,1.9399,-2.2739,10.3876,6.08851944972559,2012.91148055027
5,"35-39",1927441.983,9562218.088,432875.3962,4.96109256327224,0.0452693498742967,1.1911,0.3152,-0.4291,1.06181092529931,0.0480674902777253,0.0467232357504832,2.6157,-8.4819,16.5153,8.28596931878162,2010.71403068122
6,"40-44",1563812.059,8857914.341,501016.1422,5.66430875757814,0.0565614119659051,1.1564,0.3017,-0.3958,1.03922909794746,0.0587802651359624,0.0557402464935901,4.0794,-13.8308,21.1886,10.793305292254,2008.20669470775
7,"45-49",1355159.654,7905937.836,556123.2562,5.83395307900747,0.0703424777346048,1.1307,0.2596,-0.3538,1.02404433552213,0.0720338158707135,0.0656664548392984,7.1796,-15.388,21.7892,13.8621973913858,2005.13780260861
