"index","maternal_age_group","number_of_women","children_ever_born","children_dead","parity","Di","coef_a","coef_b","coef_c","ki","qx","q5","coef_a2","coef_b2","coef_c2","tx","time"
1,"15-19",2410131.074,298877.9752,14171.52126,0.124009012797783,0.0474157429985159,1.1415,-2.707,0.7663,0.911409178763915,0.0432151433867582,0.0570233233848895,1.097,5.5628,-1.9956,1.36755605544112,2017.63244394456
2,"20-24",2504051.663,1404792.458,65814.78918,0.561007777418209,0.0468501868765016,1.2563,-0.5381,-0.2637,1.01062070961575,0.0473477691067604,0.0579629641129878,1.3062,5.5677,0.2962,2.67927609293272,2016.32072390707
3,"25-29",2463524.751,2875695.528,145277.2242,1.16730937118967,0.0505189867235486,1.1851,0.0633,-0.4177,0.998346042716619,0.0504354304775081,0.0573970642085927,1.5305,2.5528,4.8962,4.44789752708856,2014.55210247291
4,"30-34",2245362.324,4117477.285,252626.8924,1.83376965088865,0.0613547750027235,1.172,0.2341,-0.4272,1.01843515698088,0.0624858599114253,0.0624858599114253,1.9991,-2.4261,10.4282,6.47460122677697,2012.52539877322
5,"35-39",1927594.311,4698314.591,360204.423,2.43739803764133,0.0766667314466342,1.1865,0.308,-0.4452,1.0406197376755,0.0797809139664347,0.072962367057482,2.7632,-8.4065,16.1787,8.68043737986264,2010.31956262014
6,"40-44",1563893.495,4739620.793,442602.045,3.03065445834596,0.0933834296730414,1.1746,0.3314,-0.4537,1.02980714247119,0.0961669228657542,0.0823258578094843,4.3468,-13.2436,20.199,11.1269639383932,2007.87303606161
7,"45-49",1355212.859,4940814.452,503908.7655,3.64578480730015,0.101989008167676,1.1639,0.319,-0.4435,1.02126827162549,0.104158138096201,0.0814759093673263,7.5242,-14.2013,20.0162,14.0048138450136,2004.99518615499
