"index","maternal_age_group","number_of_women","children_ever_born","children_dead","parity","Di","coef_a","coef_b","coef_c","ki","qx","q5","coef_a2","coef_b2","coef_c2","tx","time"
1,"15-19",3540280.718,734690.2916,25262.04103,0.207523174042268,0.0343846125623691,1.1119,-2.9287,0.8507,0.93002792333589,0.0319786498160893,0.0442881595509103,1.0921,5.4732,-1.9672,1.26554567329123,2017.73445432671
2,"20-24",3168926.254,3457501.129,106051.554,1.09106392887362,0.0306728906349404,1.239,-0.6865,-0.2745,0.987366421367396,0.0302853822592146,0.0375200058897174,1.3207,5.3751,0.2133,2.43712707802867,2016.56287292197
3,"25-29",2768933.698,6850246.516,217710.9638,2.47396552721646,0.0317814787090503,1.1884,0.0421,-0.5156,0.969018522766801,0.0307968415499884,0.0350981488889329,1.5996,2.6268,4.3701,4.0265179583705,2014.97348204163
4,"30-34",2300312.426,8800167.028,338746.8684,3.82563991244553,0.0384932316991472,1.2046,0.3037,-0.5656,1.01292460552687,0.038990741534313,0.038990741534313,2.0779,-1.7908,9.4126,5.88841352958716,2013.11158647041
5,"35-39",1927441.983,9562218.088,432875.3962,4.96109256327224,0.0452693498742967,1.2586,0.4236,-0.5898,1.07905725338066,0.0488482203376866,0.0435759872870336,2.7705,-7.3403,14.9352,7.96105165891772,2011.03894834108
6,"40-44",1563812.059,8857914.341,501016.1422,5.66430875757814,0.0565614119659051,1.224,0.4222,-0.5456,1.06368397608837,0.0601634675730661,0.0493991653469741,4.152,-12.2448,19.2349,10.3059492434647,2008.69405075654
7,"45-49",1355159.654,7905937.836,556123.2562,5.83395307900747,0.0703424777346048,1.1772,0.3486,-0.4624,1.03957778398998,0.0731264771237052,0.0542622219202176,6.965,-13.916,19.9542,13.1183071138821,2005.88169288612
