"index","maternal_age_group","number_of_women","children_ever_born","children_dead","parity","Di","coef_a","coef_b","coef_c","ki","qx","q5","coef_a2","coef_b2","coef_c2","tx","time"
1,"15-19",3651056.615,720686.2007,25752.37417,0.19739113267626,0.0357331306537947,1.1415,-2.707,0.7663,0.940698102195937,0.0336140881915441,0.0424861730000813,1.097,5.5628,-1.9956,1.31096967748018,2017.68903032252
2,"20-24",3222678.849,3061180.798,108258.8053,0.949887016805875,0.0353650478177343,1.2563,-0.5381,-0.2637,1.02000271317829,0.0360724447257691,0.042853408470406,1.3062,5.5677,0.2962,2.60301394702584,2016.39698605297
3,"25-29",2818732.208,5672115.42,222375.9136,2.01229311670745,0.0392051108156047,1.1851,0.0633,-0.4177,1.00108207283358,0.0392475336009556,0.0439169681163961,1.5305,2.5528,4.8962,4.37219663477466,2014.62780336523
4,"30-34",2450212.724,7262487.456,341778.0853,2.96402323964097,0.0470607470747004,1.172,0.2341,-0.4272,1.01899074216129,0.0479544655883135,0.0479544655883135,1.9991,-2.4261,10.4282,6.41749380281325,2012.58250619719
5,"35-39",2224168.553,8152492.1,427993.0755,3.66541109890425,0.0524984348650887,1.1865,0.308,-0.4452,1.04035076352238,0.0546167867956251,0.050222367343117,2.7632,-8.4065,16.1787,8.65331560297075,2010.34668439703
6,"40-44",1926983.478,7951244.735,488747.3891,4.12626513189025,0.0614680349289991,1.1746,0.3314,-0.4537,1.02930103947074,0.0632691122466428,0.0545388189755474,4.3468,-13.2436,20.199,11.1294934956406,2007.87050650436
7,"45-49",1684952.46,7439260.81,541111.33,4.41511614517599,0.0727372441725161,1.1639,0.319,-0.4435,1.02083908844066,0.0742530220367573,0.0582835219689809,7.5242,-14.2013,20.0162,14.0215894959612,2004.97841050404
