"index","maternal_age_group","number_of_women","children_ever_born","children_dead","parity","Di","coef_a","coef_b","coef_c","ki","qx","q5","coef_a2","coef_b2","coef_c2","tx","time"
1,"15-19",2549753.552,326539.6466,12541.09531,0.128067140584574,0.0384060417795528,1.0819,-3.0005,0.8689,0.858401070744275,0.0329677873866175,0.0394573645191156,1.09,5.4443,-1.9721,1.30265941039417,2017.69734058961
2,"20-24",2555271.395,1517112.596,55201.62254,0.593718772482874,0.0363859760215187,1.2846,-0.6181,-0.3024,1.00380840382133,0.036524548511642,0.0417374047020687,1.3079,5.5568,0.2021,2.6050745447482,2016.39492545525
3,"25-29",2507229.96,3052578.016,118693.3338,1.21751018642103,0.0388829812630086,1.2223,0.0851,-0.4704,1.01126582387916,0.0393210300818143,0.0429002670918139,1.1573,2.6755,4.7471,4.04933741117273,2014.95066258883
4,"30-34",2392331.342,4392649.104,192409.1043,1.83613742247248,0.0438025209263335,1.1905,0.2631,-0.4487,1.02844302765109,0.0450483972402284,0.0450483972402284,1.9399,-2.2739,10.3876,6.51492464834402,2012.48507535166
5,"35-39",2224168.553,5122612.549,259177.5312,2.30315842838913,0.0505947948865652,1.1911,0.3152,-0.4291,1.04983911214871,0.0531163945430577,0.0515907334727731,2.6157,-8.4819,16.5153,8.83981067493315,2010.16018932507
6,"40-44",1926983.478,5168225.355,322320.7944,2.68202888815843,0.0623658552520684,1.1564,0.3017,-0.3958,1.02846585972919,0.0641411529395647,0.0607187943888765,4.0794,-13.8308,21.1886,11.4286693909836,2007.57133060902
7,"45-49",1684952.46,5225651.214,389501.9543,3.10136418566967,0.0745365387679316,1.1307,0.2596,-0.3538,1.01416604540258,0.0755924267602691,0.0687135154134804,7.1796,-15.388,21.7892,14.4858586573411,2004.51414134266
